{
    "loss": 43.2231330871582,
    "accuracy": 0.6171003580093384
}