{
    "loss": 43.45564270019531,
    "accuracy": 0.6171003580093384
}